Date,Close/Last,Volume,Open,High,Low
12/16/2024,51.66,64572,51.68,51.80,51.45
12/13/2024,51.52,36406,51.86,51.8799,51.26
12/12/2024,51.33,57095,51.51,51.55,51.33
12/11/2024,51.79,107129,51.64,51.89,51.48
12/10/2024,51.18,46920,51.79,51.79,51.1023
12/09/2024,51.80,66790,52.25,52.25,51.75
12/06/2024,52.36,43706,52.45,52.5899,52.31
12/05/2024,52.31,50143,52.62,52.62,52.2875
12/04/2024,52.65,69672,52.37,52.6893,52.25
12/03/2024,52.10,76696,52.10,52.1315,51.8801
12/02/2024,52.14,79140,52.11,52.21,52.0101
11/29/2024,52.08,109190,51.97,52.2589,51.97
11/27/2024,51.73,67639,51.94,51.94,51.45
11/26/2024,52.00,36133,52.13,52.13,51.80
11/25/2024,51.94,53161,52.19,52.24,51.84
11/22/2024,51.89,64198,51.87,51.94,51.69
11/21/2024,51.87,72028,51.71,52.0383,51.12
11/20/2024,51.22,86818,51.25,51.25,50.675
11/19/2024,51.25,55306,50.72,51.2751,50.6297
11/18/2024,50.93,155963,50.73,51.10,50.5667
11/15/2024,50.85,178917,51.34,51.34,50.64
11/14/2024,51.67,58204,52.11,52.11,51.615
11/13/2024,51.99,46956,52.26,52.27,51.965
11/12/2024,52.14,91722,52.27,52.36,51.8836
11/11/2024,52.25,68913,52.48,52.48,52.11
11/08/2024,52.27,1077432,52.23,52.3893,52.12
11/07/2024,52.13,66389,52.00,52.19,51.91
11/06/2024,51.77,111188,51.57,51.83,51.203
11/05/2024,50.35,54011,49.76,50.35,49.64
11/04/2024,49.64,88305,49.66,49.90,49.5257
11/01/2024,49.52,42519,49.48,49.86,49.42
10/31/2024,49.19,51687,49.96,49.96,49.17
10/30/2024,50.20,36513,50.17,50.47,50.0799
10/29/2024,50.42,51586,50.16,50.60,50.16
10/28/2024,50.33,53224,50.40,50.4659,50.2501
10/25/2024,50.17,65118,50.53,50.7279,50.10
10/24/2024,50.20,43789,50.33,50.33,50.06
10/23/2024,50.15,47674,50.34,50.42,49.80
10/22/2024,50.60,74196,50.61,50.71,50.42
10/21/2024,50.90,43470,50.76,50.9999,50.54
10/18/2024,50.86,34874,50.91,50.95,50.755
10/17/2024,50.81,117940,51.17,51.17,50.76
10/16/2024,50.66,41591,50.43,50.73,50.30
10/15/2024,50.23,41535,51.00,51.00,50.12
10/14/2024,50.98,34995,50.62,51.04,50.5871
10/11/2024,50.35,32692,49.95,50.44,49.95
10/10/2024,49.99,105139,49.82,50.13,49.80
10/09/2024,50.08,32732,49.70,50.08,49.60
10/08/2024,49.62,57787,49.18,49.74,49.1564
10/07/2024,48.99,56831,49.00,49.1926,48.85
10/04/2024,49.14,30816,49.11,49.14,48.70
10/03/2024,48.68,38947,48.52,48.8736,48.47
10/02/2024,48.59,35740,48.25,48.74,48.25
10/01/2024,48.47,54033,49.14,49.14,48.2203
09/30/2024,49.08,87649,48.81,49.125,48.60
09/27/2024,49.03,67266,49.45,49.45,48.9405
09/26/2024,49.35,41574,49.53,49.535,48.9932
09/25/2024,48.87,39716,48.95,49.066,48.7503
09/24/2024,49.055,43889,48.77,49.055,48.565
09/23/2024,48.74,53108,48.74,48.76,48.55
09/20/2024,48.51,39029,48.61,48.65,48.2688
09/19/2024,48.82,32884,48.85,49.01,48.62
09/18/2024,47.84,75931,48.25,48.607,47.82
09/17/2024,48.16,47754,48.46,48.51,47.985
09/16/2024,48.205,123280,48.15,48.29,47.935
09/13/2024,48.20,36270,47.96,48.2699,47.96
09/12/2024,47.85,44414,47.46,47.98,47.34
09/11/2024,47.45,41026,46.66,47.53,45.8257
09/10/2024,46.62,100115,46.53,46.65,45.995
09/09/2024,46.32,46377,46.01,46.42,45.905
09/06/2024,45.60,56662,46.43,46.515,45.40
09/05/2024,46.44,141109,46.47,46.76,46.13
09/04/2024,46.59,46685,46.49,47.0066,46.45
09/03/2024,46.76,56115,47.87,47.87,46.6188
08/30/2024,48.34,42975,48.15,48.35,47.6746
08/29/2024,47.68,36770,48.00,48.30,47.68
08/28/2024,48.12,63628,48.39,48.429,47.7701
08/27/2024,48.42,34687,47.99,48.52,47.99
08/26/2024,48.19,81313,48.68,48.75,48.09
08/23/2024,48.56,42877,48.20,48.6094,48.11
08/22/2024,47.78,43749,48.53,48.58,47.6745
08/21/2024,48.36,39653,48.21,48.46,48.07
08/20/2024,47.98,48827,48.18,48.22,47.86
08/19/2024,48.30,76543,47.54,48.30,47.50
08/16/2024,47.5558,24632,47.23,47.5999,47.23
08/15/2024,47.42,51102,46.96,47.49,46.93
08/14/2024,46.43,58662,46.44,46.552,46.00
08/13/2024,46.18,480999,45.57,46.19,45.49
08/12/2024,45.15,42600,45.19,45.3752,44.96
08/09/2024,45.02,46342,44.93,45.176,44.775
08/08/2024,44.98,39695,44.16,44.98,44.04
08/07/2024,43.59,48190,45.0423,45.1054,43.53
08/06/2024,44.29,57555,44.09,45.0099,43.88
08/05/2024,43.70,74500,42.97,44.28,42.90
08/02/2024,44.97,59204,45.01,45.12,44.45
08/01/2024,45.93,48668,47.06,47.34,45.56
07/31/2024,47.21,46237,46.82,47.445,46.71
07/30/2024,45.71,42245,46.41,46.41,45.4851
07/29/2024,46.28,57798,46.52,46.54,46.18
07/26/2024,46.34,30716,46.27,46.6098,46.1691
07/25/2024,45.69,45223,45.86,46.61,45.46
07/24/2024,45.93,52485,46.82,46.94,45.87
07/23/2024,47.30,38532,47.39,47.5754,47.28
07/22/2024,47.47,50030,47.01,47.49,46.885
07/19/2024,46.60,27355,47.11,47.15,46.5821
07/18/2024,47.20,26464,47.63,47.77,46.97
07/17/2024,47.33,52680,47.83,47.90,47.29
07/16/2024,48.53,81483,48.30,48.53,48.182
07/15/2024,48.15,140789,48.32,48.48,48.03
07/12/2024,48.15,47007,47.79,48.5229,47.79
07/11/2024,47.63,117045,48.13,48.1996,47.59
07/10/2024,47.91,41910,47.62,47.91,47.4716
07/09/2024,47.40,38235,47.45,47.495,47.2584
07/08/2024,47.25,43306,47.12,47.41,47.07
07/05/2024,46.99,32034,47.11,47.11,46.80
07/03/2024,47.04,49977,46.57,47.04,46.5457
07/02/2024,46.59,43534,46.14,46.59,46.13
07/01/2024,46.41,48405,46.66,46.66,46.07
06/28/2024,46.58,65701,46.73,47.08,46.38
06/27/2024,46.57,95852,46.475,46.657,46.418
06/26/2024,46.63,74693,46.59,46.7282,46.32
06/25/2024,46.77,45052,46.69,46.77,46.4429
06/24/2024,46.44,54113,46.77,47.014,46.44
06/21/2024,47.06,62103,47.03,47.2049,46.74
06/20/2024,47.30,71576,47.99,47.99,47.1458
06/18/2024,47.79,48685,47.31,47.8199,47.31
06/17/2024,47.36,66845,47.04,47.46,46.82
06/14/2024,46.99,64712,46.81,46.99,46.685
06/13/2024,46.88,150059,46.92,46.96,46.5507
06/12/2024,46.50,60573,46.51,46.79,46.3198
06/11/2024,45.88,54813,45.91,45.93,45.65
06/10/2024,46.11,81007,45.75,46.13,45.60
06/07/2024,45.89,69612,45.82,46.111,45.7327
06/06/2024,45.98,110742,46.28,46.28,45.78
06/05/2024,46.19,38715,45.62,46.19,45.50
06/04/2024,45.28,48910,45.22,45.35,44.96
06/03/2024,45.26,72248,45.53,45.53,44.8498
05/31/2024,45.20,117689,45.08,45.21,44.38
05/30/2024,44.89,96006,45.17,45.2264,44.83
05/29/2024,45.24,47250,45.19,45.33,45.11
05/28/2024,45.65,100704,45.74,45.74,45.3717
05/24/2024,45.43,69172,45.27,45.44,45.16
05/23/2024,45.10,203013,45.63,45.675,44.94
05/22/2024,45.07,55217,45.15,45.20,44.83
05/21/2024,45.15,57942,44.99,45.1524,44.91
05/20/2024,45.19,26016,45.05,45.27,45.05
05/17/2024,44.95,56351,45.17,45.19,44.7801
05/16/2024,45.03,37407,45.16,45.2745,45.02
05/15/2024,45.19,116914,44.78,45.20,44.7189
05/14/2024,44.41,51500,44.19,44.4448,44.10
05/13/2024,44.14,51568,44.39,44.39,44.08
05/10/2024,44.18,44789,44.15,44.33,44.109
05/09/2024,43.96,159301,43.80,43.96,43.70
05/08/2024,43.78,46005,43.63,43.83,43.5662
05/07/2024,43.76,46203,43.88,43.9699,43.725
05/06/2024,43.83,53707,43.52,43.83,43.43
05/03/2024,43.20,58664,43.15,43.31,42.98
05/02/2024,42.61,34120,42.55,42.645,42.13
05/01/2024,42.12,101447,42.43,42.84,42.085
04/30/2024,42.65,59601,43.16,43.27,42.65
04/29/2024,43.32,36103,43.26,43.3499,43.0401
04/26/2024,43.15,36329,42.69,43.28,42.69
04/25/2024,42.68,30762,42.25,42.8104,42.20
04/24/2024,42.57,41755,42.89,43.00,42.48
04/23/2024,42.73,36137,42.27,42.80,42.27
04/22/2024,42.05,46042,41.89,42.2711,41.6212
04/19/2024,41.56,51549,42.15,42.29,41.427
04/18/2024,42.22,40753,42.51,42.68,42.13
04/17/2024,42.29,54131,43.05,43.05,42.29
04/16/2024,42.85,58502,42.87,43.045,42.71
04/15/2024,42.78,52136,43.77,43.825,42.7701
04/12/2024,43.34,59801,43.75,43.78,43.2196
04/11/2024,44.14,33978,43.94,44.23,43.67
04/10/2024,43.80,59078,43.76,44.0341,43.63
04/09/2024,44.2894,67232,44.58,44.58,43.84
04/08/2024,44.41,44026,44.43,44.4899,44.27
04/05/2024,44.28,49666,44.02,44.47,44.0065
04/04/2024,43.81,124136,45.02,45.02,43.80
04/03/2024,44.5802,79130,44.45,44.78,44.40
04/02/2024,44.59,81996,44.56,44.59,44.3352
04/01/2024,44.95,155826,45.27,45.30,44.89
03/28/2024,45.15,90068,45.18,45.29,45.15
03/27/2024,45.10,40468,45.15,45.15,44.7958
03/26/2024,44.86,89503,45.18,45.18,44.84
03/25/2024,45.00,62803,45.00,45.1799,44.97
03/22/2024,45.08,59869,45.20,45.2623,45.03
03/21/2024,45.23,72440,45.18,45.455,45.075
03/20/2024,44.79,61558,44.45,44.83,44.2708
03/19/2024,44.39,55529,43.95,44.52,43.845
03/18/2024,44.15,73116,44.38,44.45,44.15
03/15/2024,44.00,61692,44.03,44.255,43.94
03/14/2024,44.42,201098,44.71,44.74,43.98
03/13/2024,44.77,90821,44.90,44.90,44.6116
03/12/2024,44.95,163564,44.58,44.96,44.29
03/11/2024,44.33,101652,44.31,44.435,44.05
03/08/2024,44.47,181386,45.32,45.47,44.42
03/07/2024,45.05,249195,44.87,45.1138,44.8001
03/06/2024,44.52,82999,44.53,44.6699,44.30
03/05/2024,44.04,62153,44.38,44.38,43.797
03/04/2024,44.43,77506,44.39,44.70,44.37
03/01/2024,44.17,77138,43.76,44.2439,43.63
02/29/2024,43.55,220859,43.38,43.66,43.28
02/28/2024,43.28,60382,43.15,43.36,43.11
02/27/2024,43.27,64045,43.31,43.37,43.1094
02/26/2024,43.27,117860,43.42,43.62,43.26
02/23/2024,43.26,59900,43.52,43.5593,43.16
02/22/2024,43.24,73579,42.86,43.38,42.77
02/21/2024,41.92,76088,41.84,41.95,41.591
02/20/2024,42.07,190977,42.21,42.21,41.77
02/16/2024,42.43,69348,42.76,42.8093,42.42
02/15/2024,42.69,77519,42.70,42.7654,42.5404
02/14/2024,42.58,56827,42.28,42.60,42.1635
02/13/2024,42.02,86417,41.98,42.225,41.71
02/12/2024,42.69,62605,42.82,43.015,42.63
02/09/2024,42.70,40585,42.42,42.77,42.38
02/08/2024,42.31,48218,42.31,42.47,42.20
02/07/2024,42.28,81638,42.09,42.32,41.97
02/06/2024,41.85,88561,41.97,41.97,41.57
02/05/2024,41.845,52757,41.96,41.96,41.5701
02/02/2024,41.94,67437,41.54,42.065,41.51
02/01/2024,41.57,63558,41.30,41.6156,41.06
01/31/2024,41.00,108186,41.62,41.62,41.00
01/30/2024,41.72,61074,41.71,41.7999,41.6201
01/29/2024,41.73,51788,41.31,41.73,41.30
01/26/2024,41.28,58716,41.33,41.47,41.20
01/25/2024,41.47,242431,41.48,41.5694,41.20
01/24/2024,41.16,161612,41.40,41.54,41.16
01/23/2024,41.17,40913,41.14,41.17,40.94
01/22/2024,41.10,57156,41.18,41.205,41.02
01/19/2024,40.97,63090,40.46,40.97,40.3175
01/18/2024,40.24,55464,40.07,40.26,39.87
01/17/2024,39.86,171194,39.86,39.87,39.60
01/16/2024,40.09,86849,40.01,40.21,39.85
01/12/2024,39.97,30958,40.09,40.16,39.8532
01/11/2024,39.98,35647,40.00,40.04,39.54
01/10/2024,39.89,80771,39.68,39.9464,39.61
01/09/2024,39.6093,58694,39.42,39.74,39.3791
01/08/2024,39.65,56212,38.98,39.65,38.98
01/05/2024,38.85,89795,38.80,39.10,38.77
01/04/2024,38.81,110911,38.84,39.07,38.78
01/03/2024,38.83,52946,39.10,39.16,38.79
01/02/2024,39.39,47858,39.56,39.56,39.199
12/29/2023,39.82,89455,39.90,39.98,39.63
12/28/2023,39.90,56873,39.90,39.9782,39.87
12/27/2023,39.88,88241,39.80,39.88,39.73
12/26/2023,39.80,132049,39.62,39.85,39.62
12/22/2023,39.53,87882,39.55,39.6699,39.368
12/21/2023,39.46,176272,39.27,39.50,39.14
12/20/2023,38.98,45826,39.58,39.6953,38.98
12/19/2023,39.7714,62601,39.65,39.81,39.65
12/18/2023,39.60,58713,39.49,39.65,39.442
12/15/2023,39.36,59216,39.41,39.5999,39.35
12/14/2023,39.46,52903,39.46,39.58,39.20
12/13/2023,39.24,60045,38.77,39.24,38.64
12/12/2023,38.71,65645,38.39,38.71,38.33
12/11/2023,38.34,56431,38.01,38.38,38.01
12/08/2023,37.97,33694,37.74,38.02,37.74
12/07/2023,37.75,50593,37.53,37.81,37.53
12/06/2023,37.46,57650,37.81,37.892,37.4414
12/05/2023,37.63,66160,37.50,37.6628,37.43
12/04/2023,37.75,88897,37.70,37.75,37.46
12/01/2023,37.96,77638,37.61,37.97,37.55
11/30/2023,37.64,125369,37.63,37.68,37.41
11/29/2023,37.52,64804,37.61,37.72,37.50
11/28/2023,37.3529,67619,37.34,37.47,37.25
11/27/2023,37.38,54041,37.38,37.485,37.32
11/24/2023,37.39,21359,37.38,37.42,37.35
11/22/2023,37.37,105557,37.40,37.505,37.25
11/21/2023,37.25,53300,37.29,37.3199,37.132
11/20/2023,37.39,58915,37.02,37.4599,37.02
11/17/2023,37.02,72457,37.07,37.09,36.91
11/16/2023,37.01,72024,36.89,37.01,36.8102
11/15/2023,36.95,58175,37.05,37.1399,36.90
11/14/2023,36.92,53114,36.72,37.01,36.66
11/13/2023,36.08,66348,36.04,36.1555,35.92
11/10/2023,36.13,138081,35.69,36.17,35.5775
11/09/2023,35.47,55108,35.87,35.89,35.45
11/08/2023,35.77,89960,35.77,35.81,35.57
11/07/2023,35.67,26811,35.51,35.75,35.50
11/06/2023,35.51,71781,35.56,35.56,35.29
11/03/2023,35.45,35348,35.21,35.59,35.21
11/02/2023,34.95,65692,34.57,34.98,34.57
11/01/2023,34.24,44548,33.91,34.2734,33.901
10/31/2023,33.85,81625,33.68,33.88,33.50
10/30/2023,33.62,62476,33.49,33.7288,33.31
10/27/2023,33.24,64457,33.55,33.6284,33.13
10/26/2023,33.39,45997,33.78,33.81,33.379
10/25/2023,33.86,49154,34.30,34.30,33.77
10/24/2023,34.20,37610,34.21,34.3199,33.9445
10/23/2023,33.96,48825,33.90,34.329,33.7087
10/20/2023,34.01,51350,34.43,34.442,33.99
10/19/2023,34.44,46804,34.93,34.97,34.3916
10/18/2023,34.83,49270,35.25,35.25,34.74
10/17/2023,35.42,43831,35.17,35.5899,35.1651
10/16/2023,35.45,45047,35.19,35.58,35.19
10/13/2023,35.03,43727,35.50,35.50,34.907
10/12/2023,35.30,67982,35.60,35.615,35.11
10/11/2023,35.56,27461,35.44,35.56,35.22
10/10/2023,35.32,41803,35.133,35.53,35.11
10/09/2023,35.07,59014,34.70,35.15,34.64
10/06/2023,34.94,68078,34.19,35.07,34.17
10/05/2023,34.42,40176,34.36,34.47,34.12
10/04/2023,34.41,39357,34.15,34.44,34.03
10/03/2023,34.07,183528,34.46,34.575,33.89
10/02/2023,34.66,49825,34.63,34.7869,34.43
09/29/2023,34.66,61612,34.98,35.00,34.56
09/28/2023,34.70,94737,34.37,34.86,34.35
09/27/2023,34.41,46401,34.44,34.505,34.10
09/26/2023,34.33,47055,34.60,34.60,34.25
09/25/2023,34.90,42549,34.72,34.93,34.6746
09/22/2023,34.83,56430,34.95,35.08,34.76
09/21/2023,34.8846,50687,35.26,35.26,34.84
09/20/2023,35.49,60419,35.995,36.05,35.49
09/19/2023,35.8937,39129,35.90,35.93,35.64
09/18/2023,35.99,70012,36.01,36.0999,35.8497
09/15/2023,35.99,55075,36.41,36.41,35.99
09/14/2023,36.56,54985,36.58,36.63,36.4065
09/13/2023,36.35,30198,36.31,36.46,36.2127
09/12/2023,36.295,31049,36.41,36.5498,36.2779
09/11/2023,36.57,43936,36.63,36.63,36.399
09/08/2023,36.42,46651,36.42,36.54,36.3101
09/07/2023,36.41,31176,36.31,36.4696,36.22
09/06/2023,36.58,50388,36.68,36.75,36.37
09/05/2023,36.72,31426,36.83,36.83,36.66
09/01/2023,36.93,42645,37.00,37.07,36.78
08/31/2023,36.78,46834,36.89,37.01,36.7762
08/30/2023,36.82,42455,36.68,36.8595,36.5894
08/29/2023,36.65,44515,35.99,36.65,35.99
08/28/2023,36.08,69453,35.95,36.1366,35.90
08/25/2023,35.82,34467,35.74,35.95,35.4711
08/24/2023,35.63,28755,36.41,36.41,35.605
08/23/2023,36.05,23670,35.7525,36.1611,35.72
08/22/2023,35.67,37398,35.99,35.99,35.5894
08/21/2023,35.80,36116,35.50,35.85,35.3984
08/18/2023,35.374,49800,35.12,35.4278,35.085
08/17/2023,35.34,50191,35.79,35.835,35.33
08/16/2023,35.685,31951,35.92,36.0748,35.67
08/15/2023,35.91,55843,36.17,36.1825,35.90
08/14/2023,36.28,36833,35.82,36.28,35.82
08/11/2023,35.95,44086,35.89,36.09,35.8301
08/10/2023,36.09,44257,36.27,36.5746,35.98
08/09/2023,36.03,28923,36.36,36.36,36.00
08/08/2023,36.36,49751,36.36,36.4109,36.0601
08/07/2023,36.58,50744,36.37,36.58,36.37
08/04/2023,36.175,34095,36.44,36.645,36.175
08/03/2023,36.29,25698,36.27,36.4768,36.2214
08/02/2023,36.47,62382,36.86,36.86,36.36
08/01/2023,37.13,46471,37.02,37.18,36.9454
07/31/2023,37.09,101225,37.11,37.13,36.98
07/28/2023,37.049,28691,37.00,37.0808,36.8805
07/27/2023,36.72,63502,37.27,37.27,36.6499
07/26/2023,36.96,90329,37.01,37.065,36.7801
07/25/2023,37.23,47520,37.02,37.34,37.01
07/24/2023,36.99,46151,36.95,37.0331,36.91
07/21/2023,36.88,36183,37.06,37.1123,36.88
07/20/2023,36.91,380586,37.14,37.2641,36.84
07/19/2023,37.33,41275,37.46,37.5299,37.22
07/18/2023,37.29,48293,36.90,37.4046,36.85
07/17/2023,36.88,47030,36.69,36.9853,36.67
07/14/2023,36.68,57803,36.79,36.93,36.6001
07/13/2023,36.70,57306,36.55,36.7897,36.5097
07/12/2023,36.38,29752,36.44,36.54,36.2692
07/11/2023,36.07,66219,35.95,36.1399,35.84
07/10/2023,35.85,59922,35.57,35.85,35.57
07/07/2023,35.57,676032,35.61,35.9075,35.54
07/06/2023,35.64,71893,35.60,35.67,35.36
07/05/2023,35.86,29815,35.77,35.9999,35.77
07/03/2023,36.00,17208,35.96,36.00,35.88
06/30/2023,35.95,226981,35.90,36.09,35.8805
06/29/2023,35.59,31522,35.43,35.59,35.37
06/28/2023,35.40,23749,35.2625,35.5134,35.2601
06/27/2023,35.46,60364,35.08,35.53,35.04
06/26/2023,34.93,57286,35.07,35.23,34.90
06/23/2023,35.0446,35697,35.05,35.1899,34.98
06/22/2023,35.35,65717,35.26,35.3599,35.0901
06/21/2023,35.26,40045,35.43,35.46,35.1601
06/20/2023,35.48,56542,35.45,35.5899,35.31
06/16/2023,35.75,51442,36.14,36.14,35.72
06/15/2023,35.88,40953,35.31,36.0385,35.31
06/14/2023,35.42,53570,35.28,35.5654,35.12
06/13/2023,35.29,48898,35.17,35.32,35.07
06/12/2023,34.98,30681,34.68,34.98,34.6001
06/09/2023,34.52,35782,34.53,34.72,34.44
06/08/2023,34.515,23267,34.32,34.5472,34.24
06/07/2023,34.32,29014,34.62,34.65,34.29
06/06/2023,34.68,28526,34.53,34.7002,34.51
06/05/2023,34.54,36438,34.59,34.7258,34.50
06/02/2023,34.69,26280,34.41,34.73,34.32
06/01/2023,34.14,49971,33.74,34.30,33.6814
05/31/2023,33.78,155795,33.93,34.01,33.6866
05/30/2023,34.14,57569,34.34,34.445,34.016
05/26/2023,34.15,34594,33.64,34.21,33.64
05/25/2023,33.56,62273,33.46,33.64,33.33
05/24/2023,32.91,54699,33.08,33.08,32.80
05/23/2023,33.27,54631,33.55,33.63,33.2201
05/22/2023,33.68,48156,33.68,33.80,33.56
05/19/2023,33.66,77542,33.80,33.84,33.58
05/18/2023,33.78,29217,33.31,33.78,33.2953
05/17/2023,33.33,23619,33.05,33.41,32.98
05/16/2023,32.925,32608,33.07,33.125,32.89
05/15/2023,33.19,28180,33.0025,33.1999,32.94
05/12/2023,32.96,76800,33.105,33.105,32.77
05/11/2023,32.9866,35316,32.8985,33.0118,32.8201
05/10/2023,33.12,68115,33.18,33.25,32.86
05/09/2023,32.96,80253,32.95,33.07,32.95
05/08/2023,33.145,38985,33.13,33.18,32.99
05/05/2023,33.14,119153,32.76,33.2199,32.76
05/04/2023,32.58,60021,32.66,32.69,32.49
05/03/2023,32.74,50213,32.96,33.2005,32.74
05/02/2023,32.94,45912,33.28,33.28,32.7677
05/01/2023,33.37,51193,33.28,33.5081,33.28
04/28/2023,33.33,37802,32.89,33.33,32.89
04/27/2023,32.94,61515,32.53,32.97,32.4723
04/26/2023,32.40,39544,32.56,32.67,32.32
04/25/2023,32.33,32321,32.79,32.79,32.33
04/24/2023,32.9179,64122,32.96,33.05,32.8098
04/21/2023,32.97,20185,32.97,33.0333,32.81
04/20/2023,32.9624,33989,32.92,33.17,32.87
04/19/2023,33.15,57676,33.005,33.19,32.95
04/18/2023,33.18,43208,33.32,33.32,33.06
04/17/2023,33.12,31743,32.95,33.12,32.8371
04/14/2023,32.90,53031,32.94,33.15,32.675
04/13/2023,33.03,60615,32.72,33.0638,32.72
04/12/2023,32.72,40656,32.88,32.9968,32.65
04/11/2023,32.81,58916,32.86,32.97,32.75
04/10/2023,32.86,56556,32.49,32.86,32.49
04/06/2023,32.6761,46157,32.43,32.70,32.40
04/05/2023,32.59,50664,32.66,32.72,32.4635
04/04/2023,32.8007,33121,33.13,33.18,32.71
04/03/2023,33.0852,52787,33.02,33.15,32.90
03/31/2023,33.07,108791,32.64,33.11,32.64
03/30/2023,32.64,41342,32.64,32.67,32.464
03/29/2023,32.38,63452,32.19,32.43,32.14
03/28/2023,31.91,50925,31.94,31.94,31.6905
03/27/2023,31.92,49886,32.05,32.17,31.85
03/24/2023,31.92,60734,31.58,31.92,31.43
03/23/2023,31.75,49925,31.83,32.24,31.55
03/22/2023,31.7978,59035,32.24,32.5692,31.71
03/21/2023,32.26,58216,32.26,32.2691,31.9901
03/20/2023,31.94,40459,31.68,31.97,31.68
03/17/2023,31.64,135455,31.93,32.0557,31.56
03/16/2023,32.03,28813,31.28,32.05,31.1977
03/15/2023,31.44,55734,31.19,31.44,30.94
03/14/2023,31.62,55027,31.49,31.72,31.28
03/13/2023,31.01,47441,30.73,31.347,30.68
03/10/2023,31.10,30460,31.35,31.65,31.00
03/09/2023,31.72,22078,32.41,32.54,31.72
03/08/2023,32.38,41378,32.26,32.41,32.1397
03/07/2023,32.22,31583,32.71,32.71,32.1676
03/06/2023,32.68,58315,32.78,33.0299,32.64
03/03/2023,32.74,115466,32.39,32.77,32.36
03/02/2023,32.30,48383,31.85,32.35,31.80
03/01/2023,31.97,108727,32.07,32.12,31.84
02/28/2023,32.08,73057,32.09,32.37,32.0475
02/27/2023,32.12,36172,32.343,32.50,32.12
02/24/2023,32.08,46852,32.02,32.11,31.8763
02/23/2023,32.47,39627,32.53,32.57,32.0701
02/22/2023,32.1216,38871,32.23,32.3478,32.05
02/21/2023,32.20,72283,32.59,32.595,32.17
02/17/2023,32.91,27243,32.92,32.92,32.6401
02/16/2023,33.0688,33181,33.15,33.4222,33.03
02/15/2023,33.52,41252,33.208,33.54,33.20
02/14/2023,33.41,49738,33.33,33.6438,33.086
02/13/2023,33.40,39606,33.00,33.40,33.00
02/10/2023,32.89,28151,32.79,32.9726,32.7083
02/09/2023,32.99,32258,33.57,33.57,32.89
02/08/2023,33.25,34472,33.48,33.57,33.18
02/07/2023,33.49,52661,33.03,33.62,32.9095
02/06/2023,33.06,34562,33.04,33.215,32.95
02/03/2023,33.32,48001,33.32,33.6399,33.23
02/02/2023,33.70,44676,33.56,33.875,33.49
02/01/2023,33.35,50379,32.70,33.5369,32.61
01/31/2023,32.73,178423,32.38,32.79,32.36
01/30/2023,32.31,48871,32.50,32.5549,32.28
01/27/2023,32.6949,55066,32.51,32.855,32.481
01/26/2023,32.61,49011,32.48,32.61,32.22
01/25/2023,32.2686,32552,31.86,32.33,31.6935
01/24/2023,32.24,34647,32.13,32.3309,32.13
01/23/2023,32.33,36059,31.97,32.46,31.97
01/20/2023,31.855,53079,31.31,31.88,31.215
01/19/2023,31.2209,37456,31.42,31.42,31.15
01/18/2023,31.6307,42816,32.25,32.26,31.60
01/17/2023,32.13,67843,32.16,32.29,32.03
01/13/2023,32.11,54530,31.69,32.12,31.69
01/12/2023,31.9551,56620,31.90,32.0421,31.55
01/11/2023,31.79,68843,31.50,31.80,31.47
01/10/2023,31.41,74189,31.10,31.41,31.065
01/09/2023,31.11,112373,31.21,31.562,31.11
01/06/2023,31.0337,63133,30.68,31.14,30.36
01/05/2023,30.39,46427,30.68,30.68,30.345
01/04/2023,30.8223,130893,30.83,31.01,30.57
01/03/2023,30.68,52582,30.89,31.07,30.38
12/30/2022,30.66,176015,30.54,30.71,30.3445
12/29/2022,30.76,46220,30.41,30.85,30.41
12/28/2022,30.21,60045,30.56,30.635,30.19
12/27/2022,30.54,81733,30.64,30.659,30.42
12/23/2022,30.60,42829,30.40,30.64,30.3148
12/22/2022,30.521,39121,30.68,30.68,30.0111
12/21/2022,30.95,58568,30.73,31.09,30.73
12/20/2022,30.54,91266,30.40,30.65,30.31
12/19/2022,30.45,76528,30.78,30.84,30.3375
12/16/2022,30.80,43758,30.91,30.955,30.6015
12/15/2022,31.16,87265,31.56,31.56,31.0178
12/14/2022,31.92,137888,32.08,32.436,31.79
12/13/2022,32.15,70373,32.81,32.83,31.955
12/12/2022,31.9279,56952,31.49,31.98,31.47
12/09/2022,31.42,77981,31.54,31.7499,31.41
12/08/2022,31.68,107992,31.47,31.7552,31.38
12/07/2022,31.36,210257,31.271,31.49,31.22
12/06/2022,31.30,37289,31.67,31.7275,31.13
12/05/2022,31.745,47770,32.12,32.12,31.6251
12/02/2022,32.36,43888,31.94,32.47,31.94
12/01/2022,32.46,49956,32.48,32.60,32.1776
11/30/2022,32.29,238667,31.29,32.37,31.19
11/29/2022,31.2622,61006,31.37,31.43,31.125
11/28/2022,31.35,43647,31.63,31.78,31.28
11/25/2022,31.90,21447,31.83,31.9089,31.78
11/23/2022,31.86,45858,31.67,31.91,31.60
11/22/2022,31.5912,52301,31.35,31.63,31.24
11/21/2022,31.185,48161,31.13,31.2499,31.05
11/18/2022,31.24,36238,31.37,31.37,30.98
11/17/2022,31.07,29265,30.81,31.0974,30.7392
11/16/2022,31.19,38062,31.3748,31.3748,31.14
11/15/2022,31.55,61324,31.79,31.79,31.27
11/14/2022,31.24,187912,31.44,31.62,31.20
11/11/2022,31.54,71795,31.29,31.64,31.24
11/10/2022,31.26,51511,30.50,31.26,30.50
11/09/2022,29.32,28614,29.70,29.74,29.32
11/08/2022,29.92,39325,29.76,30.18,29.6056
11/07/2022,29.62,42282,29.43,29.68,29.26
11/04/2022,29.34,36826,29.26,29.43,28.78
11/03/2022,28.78,67308,28.73,29.04,28.64
11/02/2022,29.14,38829,29.91,30.17,29.09
11/01/2022,29.93,47403,30.26,30.36,29.86
10/31/2022,29.97,152406,30.08,30.17,29.93
10/28/2022,30.21,65164,29.51,30.25,29.4953
10/27/2022,29.55,39760,29.56,29.874,29.46
10/26/2022,29.51,122980,29.42,29.9799,29.42
10/25/2022,29.78,40381,29.24,29.79,29.24
10/24/2022,29.18,26692,28.97,29.22,28.8138
10/21/2022,28.75,184373,28.07,28.79,27.97
10/20/2022,28.16,334991,28.37,28.76,28.08
10/19/2022,28.43,39571,28.56,28.6734,28.2259
10/18/2022,28.69,78044,29.03,29.13,28.49
10/17/2022,28.45,50263,28.29,28.53,28.29
10/14/2022,27.75,53456,28.66,28.66,27.66
10/13/2022,28.36,76240,27.10,28.51,27.00
10/12/2022,27.72,40373,27.84,27.93,27.72
10/11/2022,27.8156,51056,27.89,28.18,27.6601
10/10/2022,28.04,86944,28.50,28.54,27.86
10/07/2022,28.40,52558,29.00,29.00,28.2839
10/06/2022,29.30,134679,29.50,29.685,29.30
10/05/2022,29.66,50267,29.30,29.804,29.18
10/04/2022,29.72,81731,29.23,29.72,29.23
10/03/2022,28.69,70153,28.30,28.905,28.16
09/30/2022,28.02,768082,28.32,28.63,27.96
09/29/2022,28.33,72752,28.41,28.41,28.0868
09/28/2022,28.80,47457,28.26,28.93,28.26
09/27/2022,28.14,44628,28.52,28.73,27.98
09/26/2022,28.2438,128012,28.47,28.74,28.16
09/23/2022,28.72,58315,28.78,28.78,28.34
09/22/2022,28.98,56309,29.30,29.30,28.98
09/21/2022,29.39,23881,30.00,30.1984,29.39
09/20/2022,29.83,47231,30.01,30.01,29.63
09/19/2022,30.36,66968,29.91,30.36,29.91
09/16/2022,30.18,39557,30.01,30.18,29.8701
09/15/2022,30.3416,30450,30.59,30.7786,30.25
09/14/2022,30.742,64876,30.87,30.89,30.4901
09/13/2022,30.77,50680,31.36,31.46,30.69
09/12/2022,32.14,34402,32.10,32.23,31.99
09/09/2022,31.927,48208,31.61,32.00,31.61
09/08/2022,31.43,46547,30.90,31.43,30.84
09/07/2022,31.0899,45218,30.47,31.16,30.47
09/06/2022,30.36,81258,30.57,30.6821,30.31
09/02/2022,30.52,51227,31.20,31.30,30.41
09/01/2022,30.90,67459,30.65,30.90,30.355
08/31/2022,30.84,54774,31.32,31.4485,30.84
08/30/2022,31.24,35063,31.64,31.67,31.05
08/29/2022,31.48,48843,31.55,31.71,31.405
08/26/2022,31.78,40297,32.88,32.90,31.74
08/25/2022,32.97,29168,32.60,33.01,32.55
08/24/2022,32.52,27250,32.38,32.60,32.3208
08/23/2022,32.37,26317,32.45,32.6189,32.34
08/22/2022,32.5069,69640,32.89,32.89,32.46
08/19/2022,33.31,35518,33.58,33.58,33.25
08/18/2022,33.81,44134,33.73,33.88,33.66
08/17/2022,33.75,108656,33.71,33.96,33.6016
08/16/2022,34.03,59884,33.95,34.25,33.849
08/15/2022,34.07,60344,33.78,34.11,33.78
08/12/2022,33.89,46236,33.52,33.91,33.4321
08/11/2022,33.30,40287,33.61,33.79,33.26
08/10/2022,33.39,51519,33.21,33.40,33.1367
08/09/2022,32.56,40905,32.74,32.74,32.465
08/08/2022,32.85,27336,33.05,33.2283,32.8149
08/05/2022,32.93,58580,32.59,32.98,32.59
08/04/2022,33.00,31309,32.88,33.01,32.74
08/03/2022,32.88,25689,32.55,32.955,32.55
08/02/2022,32.32,37236,32.34,32.7196,32.20
08/01/2022,32.5576,64892,32.40,32.7635,32.36
07/29/2022,32.64,56552,32.315,32.655,32.29
07/28/2022,32.26,50505,31.75,32.34,31.61
07/27/2022,31.7372,58701,31.21,31.82,31.21
07/26/2022,30.92,29392,31.20,31.20,30.8101
07/25/2022,31.27,38243,31.41,31.41,31.0801
07/22/2022,31.39,28851,31.71,31.7909,31.18
07/21/2022,31.70,123107,31.28,31.70,31.1049
07/20/2022,31.286,48223,31.06,31.40,30.97
07/19/2022,31.04,41171,30.47,31.05,30.46
07/18/2022,30.16,66012,30.62,30.69,30.058
07/15/2022,30.34,59517,30.22,30.3725,30.07
07/14/2022,29.78,73669,29.48,29.8839,29.24
07/13/2022,29.9245,106224,29.51,30.0385,29.49
07/12/2022,30.02,75857,30.565,30.565,29.86
07/11/2022,30.41,43417,30.51,30.63,30.34
07/08/2022,30.73,66307,30.60,30.85,30.45
07/07/2022,30.74,34824,30.49,30.849,30.49
07/06/2022,30.39,36902,30.32,30.57,30.1293
07/05/2022,30.25,44756,29.65,30.25,29.505
07/01/2022,30.03,52124,29.61,30.09,29.56
06/30/2022,29.87,196342,29.54,30.07,29.40
06/29/2022,30.04,34345,30.02,30.0999,29.7686
06/28/2022,29.95,39483,30.88,31.07,29.95
06/27/2022,30.76,43167,30.851,31.00,30.70
06/24/2022,31.01,64661,30.30,31.01,30.30
06/23/2022,29.88,92461,29.72,30.01,29.595
06/22/2022,29.5855,39864,29.12,29.8619,29.12
06/21/2022,29.53,238131,29.32,29.61,29.32
06/17/2022,28.98,62465,28.76,29.1782,28.59
06/16/2022,28.63,52653,29.00,29.00,28.4918
06/15/2022,29.76,77440,29.60,30.0884,29.31
06/14/2022,29.22,136230,29.55,29.55,28.9993
06/13/2022,29.31,102105,29.74,29.87,29.2564
06/10/2022,30.51,76778,30.98,31.0393,30.51
06/09/2022,31.58,35955,32.13,32.3133,31.58
06/08/2022,32.43,47061,32.69,32.745,32.36
06/07/2022,32.81,38308,32.2368,32.84,32.2368
06/06/2022,32.49,63611,32.83,32.91,32.43
06/03/2022,32.43,26368,32.59,32.70,32.3668
06/02/2022,33.01,141590,32.18,33.02,32.12
06/01/2022,32.18,29315,32.70,32.72,31.952
05/31/2022,32.55,48145,32.66,32.74,32.3012
05/27/2022,32.88,41376,32.22,32.88,32.22
05/26/2022,31.99,60347,31.42,32.07,31.42
05/25/2022,31.33,40173,30.88,31.46,30.88
05/24/2022,31.04,48003,30.97,31.05,30.475
05/23/2022,31.17,148926,30.90,31.2699,30.80
05/20/2022,30.68,107186,30.98,30.98,29.98
05/19/2022,30.67,93301,30.62,30.9999,30.3267
05/18/2022,30.69,2643267,31.53,31.56,30.58
05/17/2022,32.00,57568,31.87,32.00,31.47
05/16/2022,31.23,88178,31.34,31.6599,31.1664
05/13/2022,31.53,45317,31.04,31.626,30.96
05/12/2022,30.63,56222,30.32,30.77,30.0996
05/11/2022,30.61,51437,30.99,31.5015,30.51
05/10/2022,31.12,88426,31.61,31.61,30.837
05/09/2022,31.14,48461,31.65,31.7665,31.00
05/06/2022,32.15,66479,32.38,32.52,31.8661
05/05/2022,32.73,60326,33.48,33.48,32.3501
05/04/2022,33.84,72564,33.02,33.8977,32.615
05/03/2022,32.93,54225,32.92,33.065,32.74
05/02/2022,32.84,74005,32.68,32.9166,32.1969
04/29/2022,32.70,177342,33.62,33.65,32.59
04/28/2022,33.79,339802,33.38,33.99,33.001
04/27/2022,33.06,46754,32.94,33.4211,32.881
04/26/2022,32.62,40166,33.37,33.415,32.62
04/25/2022,33.81,52181,33.21,33.81,32.93
04/22/2022,33.37,69615,34.22,34.22,33.35
04/21/2022,34.32,59757,35.30,35.30,34.29
04/20/2022,35.00,88002,35.05,35.18,34.8758
04/19/2022,34.82,50464,34.15,34.885,34.15
04/18/2022,34.27,51630,34.18,34.3403,34.00
04/14/2022,34.32,88060,34.79,34.87,34.28
04/13/2022,34.7605,85280,34.28,34.83,34.28
04/12/2022,34.3147,59324,34.89,35.03,34.21
04/11/2022,34.5821,42858,34.90,34.93,34.58
04/08/2022,35.1672,81444,35.23,35.4699,35.13
04/07/2022,35.31,53398,35.06,35.53,34.96
04/06/2022,35.13,80020,35.21,35.37,34.89
04/05/2022,35.62,64304,36.07,36.09,35.5576
04/04/2022,36.15,38423,35.90,36.15,35.90
04/01/2022,35.89,43426,35.7985,35.89,35.5486
03/31/2022,35.69,122307,36.33,36.33,35.63
03/30/2022,36.28,35304,36.58,36.58,36.13
03/29/2022,36.67,64437,36.49,36.73,36.32
03/28/2022,36.04,73232,35.70,36.045,35.53
03/25/2022,35.70,54287,35.72,35.799,35.36
03/24/2022,35.6391,60890,35.24,35.6788,35.12
03/23/2022,35.16,61963,35.58,35.61,35.16
03/22/2022,35.85,60551,35.67,35.96,35.67
03/21/2022,35.545,47561,35.73,35.76,35.20
03/18/2022,35.74,79260,35.04,35.765,35.04
03/17/2022,35.18,65360,34.58,35.18,34.53
03/16/2022,34.73,82279,34.22,34.73,33.82
03/15/2022,33.76,73310,33.29,33.8733,33.2785
03/14/2022,32.94,67899,33.2746,33.5838,32.90
03/11/2022,33.19,202548,33.97,33.97,33.14
03/10/2022,33.65,57489,33.39,33.7099,33.21
03/09/2022,33.96,126621,33.75,34.1281,33.6315
03/08/2022,32.88,52631,33.08,33.76,32.69
03/07/2022,33.12,100514,34.25,34.32,33.07
03/04/2022,34.34,67199,34.41,34.51,33.99
03/03/2022,34.76,56932,35.21,35.21,34.58
03/02/2022,35.06,49693,34.525,35.19,34.48
03/01/2022,34.34,187166,34.93,34.979,34.16
02/28/2022,34.93,87332,34.67,35.0985,34.4766
02/25/2022,35.10,76425,34.50,35.15,34.3896
02/24/2022,34.39,71760,32.72,34.46,32.68
02/23/2022,33.73,70351,34.66,34.66,33.64
02/22/2022,34.42,168485,34.47,34.86,34.22
02/18/2022,34.68,67498,35.03,35.08,34.5206
02/17/2022,34.9636,152934,35.60,35.60,34.91
02/16/2022,35.86,76465,35.65,35.95,35.45
02/15/2022,35.89,62747,35.77,35.898,35.60
02/14/2022,35.18,96049,35.20,35.4147,34.92
02/11/2022,35.34,63505,36.22,36.276,35.2398
02/10/2022,36.18,64371,36.34,36.919,36.01
02/09/2022,36.88,84324,36.6284,36.91,36.6284
02/08/2022,36.19,94300,35.81,36.22,35.688
02/07/2022,35.84,68871,36.06,36.12,35.7928
02/04/2022,35.96,105458,35.78,36.235,35.5542
02/03/2022,35.88,111605,36.33,36.4421,35.8697
02/02/2022,36.71,79035,36.60,36.81,36.4365
02/01/2022,36.5586,95305,36.47,36.5769,36.055
01/31/2022,36.33,99018,35.57,36.3546,35.57
01/28/2022,35.60,137201,34.71,35.60,34.3313
01/27/2022,34.70,255360,35.38,35.545,34.5511
01/26/2022,34.87,75449,35.581,35.77,34.67
01/25/2022,34.94,70754,35.15,35.47,34.705
01/24/2022,35.60,117325,34.88,35.65,33.98
01/21/2022,35.49,134889,36.02,36.28,35.47
01/20/2022,36.05,92417,36.67,37.0598,35.983
01/19/2022,36.4165,72871,36.93,37.15,36.36
01/18/2022,36.74,82836,37.04,37.0503,36.67
01/14/2022,37.43,59566,37.27,37.49,37.05
01/13/2022,37.4425,44899,38.29,38.34,37.4425
01/12/2022,38.18,44808,38.29,38.40,38.03
01/11/2022,38.09,55952,37.69,38.13,37.50
01/10/2022,37.77,68091,37.53,37.79,36.98
01/07/2022,37.84,51265,38.143,38.27,37.75
01/06/2022,38.16,44635,38.14,38.385,37.985
01/05/2022,38.15,80778,38.97,38.97,38.15
01/04/2022,39.1431,77752,39.32,39.3999,38.8526
01/03/2022,39.25,69648,39.41,39.5307,39.04
12/31/2021,39.44,38927,39.50,39.56,39.36
12/30/2021,39.4517,46082,39.71,39.735,39.44
12/29/2021,39.58,66184,39.55,39.65,39.46
12/28/2021,39.473,126331,39.63,39.6941,39.435
12/27/2021,39.5794,88090,39.10,39.60,39.10
12/23/2021,38.9905,72659,38.87,39.08,38.87
12/22/2021,38.76,74765,38.40,38.76,38.34
12/21/2021,38.41,136926,37.98,38.41,37.77
12/20/2021,37.60,90804,37.6137,37.66,37.3182
12/17/2021,38.09,64006,38.13,38.44,37.90
12/16/2021,38.39,96589,39.10,39.10,38.26
12/15/2021,38.891,43821,38.21,38.91,38.04
12/14/2021,38.17,50826,38.28,38.45,37.8556
12/13/2021,38.65,54640,38.95,38.95,38.65
12/10/2021,39.0752,102764,39.03,39.11,38.8094
12/09/2021,38.7725,59765,39.12,39.12,38.73
12/08/2021,39.16,70818,39.11,39.16,38.89
12/07/2021,39.0255,81397,38.68,39.11,38.68
12/06/2021,38.12,108765,37.96,38.24,37.64
12/03/2021,37.82,60496,38.34,38.34,37.4007
12/02/2021,38.29,70146,37.68,38.43,37.61
12/01/2021,37.5702,75714,38.61,38.74,37.5702
11/30/2021,38.14,75228,38.87,38.89,38.085
11/29/2021,39.085,38658,38.99,39.16,38.6787
11/26/2021,38.58,42490,38.80,39.03,38.49
11/24/2021,39.34,57645,38.94,39.37,38.85
11/23/2021,39.12,49529,39.01,39.205,38.7752
11/22/2021,39.10,75301,39.64,39.7293,39.07
11/19/2021,39.48,60416,39.63,39.70,39.45
11/18/2021,39.50,62533,39.75,39.75,39.4033
11/17/2021,39.515,220443,39.76,39.76,39.415
11/16/2021,39.84,51318,39.57,39.91,39.5296
11/15/2021,39.53,40708,39.72,39.72,39.428
11/12/2021,39.55,49400,39.34,39.6254,39.2665
11/11/2021,39.2484,125819,39.35,39.35,39.19
11/10/2021,39.1729,86437,39.385,39.5697,39.07
11/09/2021,39.515,68355,39.64,39.67,39.3759
11/08/2021,39.60,64464,39.56,39.62,39.475
11/05/2021,39.31,43418,39.53,39.58,39.21
11/04/2021,39.28,392364,39.02,39.2836,39.02
11/03/2021,38.96,101861,38.76,38.989,38.6133
11/02/2021,38.81,76473,38.70,38.8194,38.66
11/01/2021,38.59,35459,38.62,38.62,38.4406
10/29/2021,38.50,63927,38.30,38.56,38.30
10/28/2021,38.39,47550,38.17,38.40,38.14
10/27/2021,38.05,52579,38.49,38.49,38.05
10/26/2021,38.47,86060,38.67,38.7192,38.452
10/25/2021,38.48,60103,38.46,38.545,38.315
10/22/2021,38.32,63698,38.286,38.43,38.1677
10/21/2021,38.19,89645,38.02,38.19,37.947
10/20/2021,38.0173,43214,37.93,38.10,37.93
10/19/2021,37.9073,57754,37.75,37.95,37.74
10/18/2021,37.62,85766,37.35,37.66,37.35
10/15/2021,37.48,57968,37.50,37.5593,37.41
10/14/2021,37.28,38691,36.94,37.28,36.91
10/13/2021,36.5763,53154,36.52,36.64,36.31
10/12/2021,36.3803,32149,36.48,36.55,36.2979
10/11/2021,36.3447,44332,36.58,36.78,36.32
10/08/2021,36.6009,41889,36.87,36.89,36.57
10/07/2021,36.79,74679,36.7376,37.0533,36.7376
10/06/2021,36.40,48425,35.93,36.40,35.81
10/05/2021,36.2337,47208,36.01,36.44,35.98
10/04/2021,35.8721,225902,36.31,36.36,35.70
10/01/2021,36.4299,37551,36.24,36.585,35.90
09/30/2021,36.12,111608,36.66,36.75,36.06
09/29/2021,36.4869,54930,36.61,36.73,36.47
09/28/2021,36.5144,64226,37.03,37.03,36.45
09/27/2021,37.3807,43606,37.50,37.5793,37.315
09/24/2021,37.6101,41052,37.48,37.66,37.46
09/23/2021,37.7175,65682,37.35,37.879,37.35
09/22/2021,37.19,51731,37.06,37.3538,36.94
09/21/2021,36.87,92980,37.07,37.07,36.74
09/20/2021,36.8482,69286,36.85,36.9749,36.4693
09/17/2021,37.4375,53434,37.69,37.69,37.3801
09/16/2021,37.6975,38005,37.69,37.80,37.4683
09/15/2021,37.69,73052,37.49,37.735,37.35
09/14/2021,37.435,66647,37.76,37.78,37.38
09/13/2021,37.5773,53631,37.86,37.87,37.425
09/10/2021,37.6341,98228,38.01,38.04,37.61
09/09/2021,37.8256,47141,38.04,38.1144,37.79
09/08/2021,37.9554,62177,37.97,38.03,37.79
09/07/2021,38.005,66923,38.34,38.35,37.95
09/03/2021,38.3499,64009,38.21,38.439,38.21
09/02/2021,38.28,47773,38.25,38.32,38.16
09/01/2021,38.16,63672,38.20,38.27,38.08
08/31/2021,38.115,67027,38.23,38.23,38.06
08/30/2021,38.20,58304,38.20,38.2832,38.135
08/27/2021,38.0882,47674,37.82,38.1786,37.82
08/26/2021,37.7461,36537,37.95,37.95,37.71
08/25/2021,37.95,42003,37.82,38.0191,37.8124
08/24/2021,37.8095,41994,37.84,37.8595,37.775
08/23/2021,37.7686,36841,37.52,37.8392,37.52
08/20/2021,37.3756,48657,37.15,37.415,37.11
08/19/2021,37.0339,47710,36.76,37.2169,36.76
08/18/2021,36.9925,47737,37.22,37.385,36.96
08/17/2021,37.2987,55396,37.45,37.45,37.07
08/16/2021,37.6442,55413,37.55,37.6515,37.38
08/13/2021,37.6189,56415,37.64,37.68,37.551
08/12/2021,37.5689,39703,37.54,37.5914,37.41
08/11/2021,37.5352,51272,37.59,37.59,37.41
08/10/2021,37.4013,67168,37.54,37.57,37.36
08/09/2021,37.484,34373,37.52,37.58,37.45
08/06/2021,37.52,41947,37.57,37.595,37.48
08/05/2021,37.53,51154,37.42,37.54,37.42
08/04/2021,37.28,114216,37.29,37.399,37.245
08/03/2021,37.30,77203,37.21,37.3395,36.98
08/02/2021,37.13,90998,37.39,37.4227,37.10
07/30/2021,37.15,59863,37.06,37.31,37.04
07/29/2021,37.20,39293,37.05,37.32,37.05
07/28/2021,36.94,104652,36.92,37.07,36.84
07/27/2021,36.9363,74576,37.02,37.02,36.6677
07/26/2021,37.0923,151049,37.09,37.1226,36.9829
07/23/2021,37.14,2151809,36.96,37.17,36.89
07/22/2021,36.76,33532,36.73,36.80,36.62
07/21/2021,36.7241,51798,36.54,36.73,36.54
07/20/2021,36.3973,47156,35.84,36.49,35.84
07/19/2021,35.7707,41916,35.81,35.86,35.58
07/16/2021,36.2183,44064,36.53,36.54,36.205
07/15/2021,36.425,28033,36.45,36.52,36.30
07/14/2021,36.5827,33697,36.76,36.765,36.56
07/13/2021,36.6205,55219,36.72,36.82,36.60
07/12/2021,36.7891,33817,36.66,36.805,36.65
07/09/2021,36.6416,47254,36.51,36.65,36.40
07/08/2021,36.2045,55541,36.10,36.325,35.968
07/07/2021,36.5865,46632,36.54,36.64,36.4345
07/06/2021,36.5028,17552,36.67,36.67,36.30
07/02/2021,36.6102,36151,36.53,36.65,36.488
07/01/2021,36.41,71277,36.32,36.42,36.295
06/30/2021,36.3019,35445,36.33,36.33,36.2675
06/29/2021,36.3248,48883,36.29,36.37,36.27
06/28/2021,36.2398,31781,36.22,36.25,36.12
06/25/2021,36.10,43248,36.02,36.14,36.02
06/24/2021,35.9748,41084,35.95,36.04,35.918
06/23/2021,35.6822,49644,35.70,35.7782,35.67
06/22/2021,35.6591,43736,35.49,35.73,35.4125
06/21/2021,35.455,33399,35.17,35.4894,35.09
06/18/2021,35.0431,56265,35.16,35.22,35.00
06/17/2021,35.4323,31402,35.33,35.49,35.195
06/16/2021,35.3398,50352,35.56,35.572,35.16
06/15/2021,35.5317,77916,35.68,35.68,35.51
06/14/2021,35.6525,22830,35.57,35.68,35.498
06/11/2021,35.5902,36891,35.55,35.60,35.47
06/10/2021,35.4965,36197,35.45,35.54,35.30
06/09/2021,35.3104,32848,35.50,35.50,35.3104
06/08/2021,35.4294,838266,35.48,35.48,35.22
06/07/2021,35.3917,36924,35.44,35.44,35.31
06/04/2021,35.4166,25200,35.22,35.449,35.22
06/03/2021,35.03,34184,35.04,35.18,34.87
06/02/2021,35.21,45266,35.21,35.32,35.19
06/01/2021,35.17,56525,35.44,35.45,35.10
05/28/2021,35.23,36449,35.26,35.32,35.21
05/27/2021,35.09,38926,35.13,35.1795,35.04
05/26/2021,35.02,98445,35.05,35.10,34.99
05/25/2021,34.9339,35436,35.09,35.09,34.91
05/24/2021,35.00,30459,34.79,35.08,34.79
05/21/2021,34.57,42458,34.77,34.8475,34.56
05/20/2021,34.57,33733,34.22,34.67,34.22
05/19/2021,34.10,43634,33.68,34.10,33.61
05/18/2021,34.11,58459,34.46,34.49,34.11
05/17/2021,34.3969,45463,34.42,34.49,34.20
05/14/2021,34.5587,30433,34.26,34.61,34.24
05/13/2021,33.9919,32457,33.81,34.11,33.77
05/12/2021,33.6447,60263,34.20,34.30,33.59
05/11/2021,34.5047,51278,34.27,34.5699,34.15
05/10/2021,34.76,33461,35.25,35.25,34.76
05/07/2021,35.23,34951,35.08,35.30,35.08
05/06/2021,34.8974,206678,34.81,34.93,34.57
05/05/2021,34.7556,62221,34.90,34.93,34.68
05/04/2021,34.7448,40319,34.80,34.80,34.40
05/03/2021,34.9783,48125,35.22,35.22,34.9783
04/30/2021,35.0322,33308,35.11,35.17,35.00
04/29/2021,35.3017,45699,35.37,35.37,35.1185
04/28/2021,35.20,67578,35.23,35.40,35.20
04/27/2021,35.22,36034,35.32,35.32,35.13
04/26/2021,35.2975,39336,35.28,35.3799,35.23
04/23/2021,35.1997,48872,34.82,35.30,34.82
04/22/2021,34.7481,58170,35.02,35.13,34.66
04/21/2021,35.0063,56682,34.59,35.015,34.59
04/20/2021,34.6267,57904,34.83,34.895,34.50
04/19/2021,34.834,65636,35.01,35.01,34.74
04/16/2021,35.119,49729,35.11,35.159,35.02
04/15/2021,35.00,59225,34.83,35.06,34.81
04/14/2021,34.53,63361,34.74,34.87,34.53
04/13/2021,34.75,47995,34.62,34.8025,34.58
04/12/2021,34.5388,38123,34.42,34.54,34.33
04/09/2021,34.4553,54047,34.19,34.4553,34.19
04/08/2021,34.2313,58987,34.22,34.2492,34.1301
04/07/2021,34.005,37602,34.07,34.12,33.95
04/06/2021,34.0427,71965,34.01,34.21,34.00
04/05/2021,34.0878,64662,34.00,34.1125,33.9225
04/01/2021,33.5629,21866,33.40,33.5629,33.40
03/31/2021,33.1666,43143,32.98,33.32,32.98
03/30/2021,32.8328,41870,32.82,32.96,32.76
03/29/2021,32.917,39373,32.88,33.00,32.70
03/26/2021,32.91,22292,32.54,32.91,32.50
03/25/2021,32.4207,50819,32.04,32.45,31.85
03/24/2021,32.3005,46998,32.62,32.71,32.26
03/23/2021,32.45,169163,32.76,32.77,32.38
03/22/2021,32.7198,44276,32.60,32.87,32.55
03/19/2021,32.4866,41431,32.53,32.615,32.32
03/18/2021,32.5417,37892,32.87,32.97,32.50
03/17/2021,33.1001,33732,32.82,33.17,32.76
03/16/2021,33.0144,163122,33.185,33.2699,32.96
03/15/2021,33.0875,40521,32.86,33.12,32.75
03/12/2021,32.81,49287,32.62,32.825,32.565
03/11/2021,32.8712,26908,32.65,33.03,32.65
03/10/2021,32.35,43743,32.50,32.55,32.31
03/09/2021,32.18,34270,32.05,32.41,32.01
03/08/2021,31.5604,42119,31.86,32.2299,31.48
03/05/2021,31.8368,39503,31.62,31.8991,30.8103
03/04/2021,31.2174,58086,31.92,31.92,30.87
03/03/2021,31.82,74302,32.41,32.80,31.82
03/02/2021,32.5166,58127,32.76,32.77,32.47
03/01/2021,32.79,57174,32.51,32.8994,32.48
02/26/2021,32.00,49949,32.285,32.34,31.825
02/25/2021,32.10,90263,32.88,32.95,31.97
02/24/2021,33.05,41565,32.55,33.0537,32.40
02/23/2021,32.62,48676,32.36,32.7495,32.00
02/22/2021,32.71,44664,32.86,33.00,32.71
02/19/2021,33.12,59964,33.26,33.36,33.11
02/18/2021,33.1073,28050,32.98,33.18,32.89
02/17/2021,33.19,102212,33.12,33.21,32.92
02/16/2021,33.2977,36268,33.48,33.5099,33.27
02/12/2021,33.3288,81644,33.12,33.35,33.11
02/11/2021,33.116,76784,33.11,33.1899,32.965
02/10/2021,32.9069,108411,33.12,33.12,32.74
02/09/2021,32.9473,274439,32.93,33.12,32.90
02/08/2021,32.9885,38352,32.96,33.02,32.88
02/05/2021,32.7374,27469,32.74,32.79,32.63
02/04/2021,32.5234,26575,32.31,32.55,32.28
02/03/2021,32.1932,31136,32.32,32.33,32.14
02/02/2021,32.21,47752,31.92,32.25,31.92
02/01/2021,31.5979,35702,31.28,31.64,31.19
01/29/2021,31.0186,64702,31.40,31.47,30.79
01/28/2021,31.543,26138,31.30,31.83,31.26
01/27/2021,31.0675,42680,31.60,31.60,30.952
01/26/2021,32.0423,67132,32.20,32.21,32.01
01/25/2021,32.2239,72049,32.30,32.30,31.82
01/22/2021,32.2188,53966,32.16,32.257,32.14
01/21/2021,32.27,59899,32.39,32.39,32.245
01/20/2021,32.33,28381,32.51,32.51,32.13
01/19/2021,31.96,20824,31.89,31.975,31.76
01/15/2021,31.64,41239,31.73,31.78,31.50
01/14/2021,31.84,57061,32.03,32.08,31.79
01/13/2021,32.00,23695,31.98,32.09,31.97
01/12/2021,32.03,29909,32.00,32.08,31.82
01/11/2021,31.97,31110,31.93,32.176,31.92
01/08/2021,32.24,24113,32.06,32.24,31.865
01/07/2021,31.90,27710,31.54,31.93,31.51
01/06/2021,31.33,25966,31.02,31.58,31.00
01/05/2021,31.07,19727,30.82,31.12,30.82
01/04/2021,30.94,21374,31.39,31.39,30.65
12/31/2020,31.31,32349,31.03,31.31,31.03
12/30/2020,31.09,23826,31.00,31.10,30.99
12/29/2020,30.8847,49631,31.12,31.14,30.81
12/28/2020,31.0216,15923,31.19,31.19,31.00
12/24/2020,30.9271,24622,30.85,30.9271,30.81
12/23/2020,30.835,16295,30.96,30.96,30.83
12/22/2020,30.83,32324,30.81,30.89,30.69
12/21/2020,30.87,20565,30.71,30.945,30.41
12/18/2020,31.0927,63202,31.11,31.135,30.87
12/17/2020,31.0503,12258,30.92,31.0503,30.92
12/16/2020,30.7528,14725,30.77,30.79,30.655
12/15/2020,30.7059,14259,30.59,30.75,30.51
12/14/2020,30.42,52902,31.64,31.64,30.41
12/11/2020,30.47,15967,30.41,30.52,30.2699
12/10/2020,30.56,20813,30.41,30.6299,30.36
12/09/2020,30.6015,21579,30.95,30.95,30.44
12/08/2020,30.92,35733,30.71,30.98,30.71
12/07/2020,30.8378,21377,30.85,30.87,30.73
12/04/2020,30.8499,21734,30.61,30.8499,30.61
12/03/2020,30.4924,47161,30.57,30.69,30.47
12/02/2020,30.487,14725,30.42,30.50,30.35
12/01/2020,30.62,22519,30.5946,30.68,30.53
11/30/2020,30.2888,23555,30.42,30.42,30.00
11/27/2020,30.41,20700,30.44,30.48,30.36
11/25/2020,30.24,31696,30.29,30.29,30.19
11/24/2020,30.2347,28194,30.09,30.275,29.95
11/23/2020,29.8527,16837,29.84,30.015,29.70
11/20/2020,29.685,20875,29.83,32.84,29.685
11/19/2020,29.83,8879,29.585,29.8675,29.585
11/18/2020,29.6798,31210,29.93,29.99,29.6798
11/17/2020,29.9228,32058,29.90,30.005,29.79
11/16/2020,29.9562,26643,29.95,30.0299,29.86
11/13/2020,29.7572,13691,29.60,29.7572,29.475
11/12/2020,29.3701,17374,29.58,29.6394,29.35
11/11/2020,29.63,16648,29.615,29.6954,29.5425
11/10/2020,29.3359,41835,29.44,29.445,29.07
11/09/2020,29.6016,38020,30.62,30.62,29.6016
11/06/2020,29.5247,28898,29.49,29.58,29.33
11/05/2020,29.475,306015,29.42,29.62,29.329
11/04/2020,28.88,12337,28.58,29.20,28.58
11/03/2020,28.2012,12245,28.05,28.33,28.05
11/02/2020,27.5988,20661,27.63,27.7555,27.39
10/30/2020,27.2537,35760,27.52,27.59,27.00
10/29/2020,27.568,31714,27.25,27.68,27.25
10/28/2020,27.2541,34086,27.71,27.71,27.2541
10/27/2020,28.2598,11821,28.41,28.41,28.25
10/26/2020,28.2905,17534,28.63,28.65,28.00
10/23/2020,28.9062,49269,28.88,28.9062,28.73
10/22/2020,28.7677,16193,28.76,28.8397,28.48
10/21/2020,28.6995,17175,28.94,28.94,28.6995
10/20/2020,28.7465,17293,28.74,28.99,28.6939
10/19/2020,28.6116,24373,29.21,29.255,28.58
10/16/2020,29.099,28785,29.20,29.3096,29.099
10/15/2020,29.0434,21115,28.77,29.09,28.77
10/14/2020,29.1513,25377,29.40,29.40,29.0601
10/13/2020,29.3433,39409,29.34,29.43,29.25
10/12/2020,29.3693,17890,29.23,29.53,29.17
10/09/2020,28.9712,70801,28.86,29.05,28.81
10/08/2020,28.6586,47529,28.67,28.69,28.57
10/07/2020,28.4951,1238723,28.37,28.55,28.31
10/06/2020,28.0591,9375,28.41,28.41,28.0591
10/05/2020,27.8965,N/A,27.8965,27.8965,27.8965
10/02/2020,27.8965,29361,27.78,28.04,27.70
10/01/2020,28.1819,3211,28.22,28.22,28.1819
09/30/2020,28.0015,1988,28.02,28.115,27.9989
09/29/2020,27.78,1090,27.79,27.88,27.78
09/28/2020,27.81,481,27.81,27.81,27.81
09/25/2020,27.3669,1518,26.86,27.3669,26.86
09/24/2020,26.7814,N/A,26.7814,26.7814,26.7814
09/23/2020,26.7814,756,27.00,27.00,26.7814
09/22/2020,27.58,3028,27.36,27.58,27.36
09/21/2020,27.3016,2051,26.93,27.3016,26.93
09/18/2020,27.5766,536,27.4296,27.5766,27.4296
09/17/2020,27.78,4294,27.58,27.90,27.58
09/16/2020,28.0567,547,28.27,28.27,28.0567
09/15/2020,28.06,N/A,28.06,28.06,28.06
09/14/2020,28.06,5296,28.08,28.08,28.0425
09/11/2020,27.5282,1061,27.53,27.74,27.50
09/10/2020,27.5384,6209,28.21,28.21,27.5384
09/09/2020,27.9689,881,27.69,27.9689,27.69
09/08/2020,27.3178,1119,27.61,27.67,27.3178
09/04/2020,28.2169,2679,28.57,28.57,27.64
09/03/2020,28.5662,16574,29.52,29.52,28.38
09/02/2020,29.7639,4108,29.42,29.7639,29.39
09/01/2020,29.2356,12642,29.155,29.2356,29.12
08/31/2020,29.0933,2282,29.05,29.0933,28.98
08/28/2020,28.96,538,28.96,28.96,28.96
08/27/2020,28.9034,713,28.98,28.98,28.9034
08/26/2020,28.7931,1864,28.755,28.7931,28.73
08/25/2020,28.3805,4824,28.30,28.3805,28.27
08/24/2020,28.1781,3706,28.142,28.1781,28.11
08/21/2020,28.00,690,28.00,28.00,28.00
08/20/2020,27.84,1218,27.84,27.84,27.84
08/19/2020,27.8359,491,27.99,27.99,27.8359
08/18/2020,27.6185,N/A,27.6185,27.6185,27.6185
08/17/2020,27.6185,N/A,27.6185,27.6185,27.6185
08/14/2020,27.6185,421,27.622,27.6799,27.6185
08/13/2020,27.6597,235,27.67,27.78,27.6597
08/12/2020,27.7048,275,27.77,27.77,27.7048
08/11/2020,27.2401,851,27.51,27.5602,27.2401
08/10/2020,27.51,496,27.57,27.57,27.51
08/07/2020,27.528,757,27.58,27.58,27.528
08/06/2020,27.5706,375,27.53,27.5706,27.53
08/05/2020,27.2958,N/A,27.2958,27.2958,27.2958
08/04/2020,27.2958,9228,27.23,27.31,27.19
08/03/2020,26.9433,N/A,26.9433,26.9433,26.9433
07/31/2020,26.9433,982,26.85,26.9433,26.85
07/30/2020,27.0245,388,26.72,27.0245,26.72
07/29/2020,26.6727,N/A,26.6727,26.6727,26.6727
07/28/2020,26.6727,21022,26.89,27.20,26.6727
07/27/2020,26.5944,N/A,26.5944,26.5944,26.5944
07/24/2020,26.5944,3684,26.55,26.61,26.55
07/23/2020,26.7517,2937,27.19,27.19,26.6699
07/22/2020,27.1328,5041,27.02,27.1328,26.985
07/21/2020,26.8841,1225,27.08,27.08,26.8841
07/20/2020,26.995,2231,26.79,26.995,26.7699
07/17/2020,26.6131,200,26.50,26.6131,26.50
07/16/2020,26.4414,402,26.41,26.4414,26.41
07/15/2020,26.39,1063,26.62,26.62,26.39
07/14/2020,26.3667,7101,25.91,26.3667,25.8495
07/13/2020,26.00,1203,26.00,26.00,26.00
07/10/2020,26.4038,3701,26.2098,26.4038,26.1795
07/09/2020,26.22,1488,26.41,26.41,26.22
07/08/2020,26.23,14237,26.23,26.26,26.1799
07/07/2020,26.09,3186,26.24,26.25,26.09
07/06/2020,25.876,N/A,25.876,25.876,25.876
07/02/2020,25.876,284,25.99,25.99,25.876
07/01/2020,25.74,506,25.60,25.74,25.60
06/30/2020,24.79,N/A,24.79,24.79,24.79
06/29/2020,24.79,N/A,24.79,24.79,24.79
06/26/2020,24.79,5246,25.26,25.26,24.79
06/25/2020,25.3041,464,25.10,25.3041,25.012
06/24/2020,25.34,N/A,25.34,25.34,25.34
06/23/2020,25.34,N/A,25.34,25.34,25.34
06/22/2020,25.34,1096,25.34,25.34,25.34
06/19/2020,25.39,4597,25.80,25.80,25.35
06/18/2020,25.40,340,25.60,25.60,25.40
